{
	"format_version": "1.8.0",
	"animations": {
		"ballanimation": {
			"loop": true,
			"animation_length": 30,
			"bones": {
				"GroguHead": {
					"rotation": {
						"0.0": {
							"vector": [0, 0, 0]
						},
						"2.5833": {
							"vector": [5, -20, 0]
						},
						"3.9167": {
							"vector": [5.46, -21.83, 0]
						},
						"5.9583": {
							"vector": [7.57848, -21.70549, -5.35716]
						},
						"8.125": {
							"vector": [5, -20, 0]
						},
						"9.1667": {
							"vector": [0, 0, 0]
						}
					}
				},
				"GroguArm2": {
					"rotation": {
						"0.0": {
							"vector": [0, 0, 0]
						},
						"2.9583": {
							"vector": [0, -25, 0]
						},
						"7.625": {
							"vector": [0, -25, 0]
						},
						"9.25": {
							"vector": [0, 0, 0]
						}
					}
				},
				"Ball": {
					"rotation": {
						"0.0": {
							"vector": [0, 0, 0]
						},
						"4.1667": {
							"vector": [0, 180, 0]
						},
						"5.875": {
							"vector": [0, 259, 0]
						},
						"7.375": {
							"vector": [0, 0, 0]
						},
						"9.6667": {
							"vector": [0, 259, 0]
						}
					},
					"position": {
						"0.0": {
							"vector": [0, 0, 0]
						},
						"1.25": {
							"vector": [4, 1, -5]
						},
						"7.6667": {
							"vector": [5, 1, -4]
						},
						"9.0": {
							"vector": [0, 0, 0]
						},
						"10.7917": {
							"vector": [0, 0, 0]
						}
					}
				},
				"GroguEar1": {
					"rotation": {
						"0.0": {
							"vector": [0, 0, 0]
						},
						"0.9583": {
							"vector": [-27.14113, 13.49316, -6.10993]
						},
						"3.125": {
							"vector": [-27.14113, 13.49316, -6.10993]
						},
						"3.9167": {
							"vector": [0, 0, 0]
						},
						"7.125": {
							"vector": [0, 0, 0]
						},
						"8.0417": {
							"vector": [-27.14113, 13.49316, -6.10993]
						},
						"8.9167": {
							"vector": [0, 0, 0]
						},
						"10.1667": {
							"vector": [0, 0, 0]
						},
						"10.7917": {
							"vector": [-27.14113, 13.49316, -6.10993]
						},
						"12.0": {
							"vector": [0, 0, 0]
						}
					}
				},
				"GroguEar2": {
					"rotation": {
						"0.0": {
							"vector": [0, 0, 0]
						},
						"0.9583": {
							"vector": [-22.67594, -15.21145, 13.24556]
						},
						"3.125": {
							"vector": [-22.67594, -15.21145, 13.24556]
						},
						"3.9167": {
							"vector": [0, 0, 0]
						},
						"7.125": {
							"vector": [0, 0, 0]
						},
						"8.0417": {
							"vector": [-22.67594, -15.21145, 13.24556]
						},
						"8.9167": {
							"vector": [0, 0, 0]
						},
						"10.1667": {
							"vector": [0, 0, 0]
						},
						"10.7917": {
							"vector": [-22.67594, -15.21145, 13.24556]
						},
						"12.0": {
							"vector": [0, 0, 0]
						}
					}
				},
				"Cape1": {
					"rotation": {
						"0.0": {
							"vector": [-2, 0, 0]
						},
						"2.5": {
							"vector": [2, 0, 0]
						},
						"5.0": {
							"vector": [-2, 0, 0]
						},
						"7.125": {
							"vector": [2, 0, 0]
						},
						"9.625": {
							"vector": [-2, 0, 0]
						},
						"12.4583": {
							"vector": [2, 0, 0]
						},
						"14.9583": {
							"vector": [-2, 0, 0]
						},
						"17.2917": {
							"vector": [2, 0, 0]
						},
						"19.7917": {
							"vector": [-2, 0, 0]
						},
						"21.9167": {
							"vector": [2, 0, 0]
						},
						"24.4167": {
							"vector": [-2, 0, 0]
						},
						"27.25": {
							"vector": [2, 0, 0]
						},
						"29.75": {
							"vector": [-2, 0, 0]
						}
					}
				}
			}
		}
	},
	"geckolib_format_version": 2
}